Prompt,Response
"What is YojanaManch?","YojanaManch is a platform for government officials to collaborate, discuss, and streamline plans and workflows, fostering unified governance for coordinated progress."
"What services does YojanaManch provide?","YojanaManch provides services such as project management, real-time updates on government schemes, and tools for better collaboration among officials."
"How can I register on YojanaManch?","To register on YojanaManch, visit the registration page and fill out the required details."
"What types of projects can be submitted?","Various types of projects can be submitted, including infrastructure, social welfare, and development initiatives."
"Is there a mobile app for YojanaManch?","Currently, YojanaManch is accessible via web browsers. A mobile app may be developed in the future."
"How can I track project progress?","You can track project progress through the dashboard, which provides real-time updates and statistics."
"Who can use YojanaManch?","YojanaManch is designed for government officials, stakeholders, and anyone involved in the planning and execution of government projects."
"Where can I find support for using YojanaManch?","Support can be found in the help section of the website, where you can also submit queries."
"How do I reset my password?","To reset your password, click on the 'Forgot Password' link on the login page and follow the instructions."
"What is the purpose of YojanaManch?","The purpose of YojanaManch is to facilitate better governance by providing a collaborative platform for planning, execution, and monitoring of government projects."
"Can I submit feedback about the platform?","Yes, you can submit feedback through the feedback form available in the help section."
"How is data secured on YojanaManch?","YojanaManch employs industry-standard security measures to protect user data and ensure privacy."
"Are there any training resources available for new users?","Yes, training resources and tutorials are available in the help section to assist new users."
"How can I contact customer support?","You can contact customer support via the contact form on the website or through the provided contact details."
"Can multiple users collaborate on a single project?","Yes, multiple users can collaborate on a single project, allowing for better teamwork and resource sharing."
"What are the eligibility criteria for submitting a project?","Eligibility criteria may vary based on the type of project. Generally, government officials and recognized organizations can submit projects."
"How often is the information on YojanaManch updated?","Information on YojanaManch is updated regularly to ensure that users have access to the latest data and project statuses."
"Can I view past projects on YojanaManch?","Yes, you can view past projects through the project archive section on the platform."
"Is there a way to track the budget allocation for projects?","Yes, budget allocation details are available in the project overview section for each submitted project."
"What should I do if I encounter an error on the platform?","If you encounter an error, please report it through the support section, and our technical team will assist you."
"Are there any user guidelines available?","Yes, user guidelines are provided in the help section to assist users in navigating the platform."